<?xml version="1.0" encoding="UTF-8"?>
<!DOCTYPE mapper PUBLIC "-//mybatis.org//DTD Mapper 3.0//EN" "http://mybatis.org/dtd/mybatis-3-mapper.dtd">
<mapper namespace="cn.zswltech.preserver.infrastructure.mapper.AuditRuleMapper">
  <resultMap id="BaseResultMap" type="cn.zswltech.preserver.infrastructure.dataobject.AuditRuleDO">
    <!--
      WARNING - @mbg.generated
    -->
    <id column="id" jdbcType="INTEGER" property="id" />
    <result column="name" jdbcType="VARCHAR" property="name" />
    <result column="datasource_id" jdbcType="INTEGER" property="datasourceId" />
    <result column="gmt_begin" jdbcType="VARCHAR" property="gmtBegin" />
    <result column="gmt_end" jdbcType="VARCHAR" property="gmtEnd" />
    <result column="gmt_create" jdbcType="TIMESTAMP" property="gmtCreate" />
    <result column="created_by" jdbcType="VARCHAR" property="createdBy" />
    <result column="gmt_update" jdbcType="TIMESTAMP" property="gmtUpdate" />
    <result column="updated_by" jdbcType="VARCHAR" property="updatedBy" />
    <result column="rule_detail" jdbcType="LONGVARCHAR" property="ruleDetail" />
  </resultMap>
</mapper>