<?xml version="1.0" encoding="UTF-8"?>
<!DOCTYPE mapper PUBLIC "-//mybatis.org//DTD Mapper 3.0//EN" "http://mybatis.org/dtd/mybatis-3-mapper.dtd">
<mapper namespace="cn.zswltech.preserver.infrastructure.mapper.ExtractDataBeforeMapper">
  <resultMap id="BaseResultMap" type="cn.zswltech.preserver.infrastructure.dataobject.ExtractDataBeforeDO">
    <!--
      WARNING - @mbg.generated
    -->
    <id column="id" jdbcType="INTEGER" property="id" />
    <result column="status" jdbcType="VARCHAR" property="status" />
    <result column="model" jdbcType="VARCHAR" property="model" />
    <result column="org_id" jdbcType="INTEGER" property="orgId" />
    <result column="gmt_create" jdbcType="TIMESTAMP" property="gmtCreate" />
    <result column="created_by" jdbcType="VARCHAR" property="createdBy" />
    <result column="gmt_update" jdbcType="TIMESTAMP" property="gmtUpdate" />
    <result column="updated_by" jdbcType="VARCHAR" property="updatedBy" />
    <result column="data" jdbcType="LONGVARCHAR" property="data" />
    <result column="extract_id" jdbcType="INTEGER" property="extractId" />
  </resultMap>
</mapper>