<?xml version="1.0" encoding="UTF-8"?>
<!DOCTYPE mapper PUBLIC "-//mybatis.org//DTD Mapper 3.0//EN" "http://mybatis.org/dtd/mybatis-3-mapper.dtd">
<mapper namespace="cn.zswltech.preserver.infrastructure.mapper.ServiceConfigMapper">
  <resultMap id="BaseResultMap" type="cn.zswltech.preserver.infrastructure.dataobject.ServiceConfigDO">
    <!--
      WARNING - @mbg.generated
    -->
    <id column="id" jdbcType="INTEGER" property="id" />
    <result column="name" jdbcType="VARCHAR" property="name" />
    <result column="service_code" jdbcType="VARCHAR" property="serviceCode" />
    <result column="is_delete" jdbcType="VARCHAR" property="isDelete" />
    <result column="datasource_type" jdbcType="VARCHAR" property="datasourceType" />
    <result column="datasource_id" jdbcType="INTEGER" property="datasourceId" />
    <result column="service_type" jdbcType="VARCHAR" property="serviceType" />
    <result column="gmt_create" jdbcType="TIMESTAMP" property="gmtCreate" />
    <result column="created_by" jdbcType="VARCHAR" property="createdBy" />
    <result column="gmt_update" jdbcType="TIMESTAMP" property="gmtUpdate" />
    <result column="updated_by" jdbcType="VARCHAR" property="updatedBy" />
    <result column="model" jdbcType="VARCHAR" property="model" />
    <result column="mapping_config" jdbcType="LONGVARCHAR" property="mappingConfig" />
  </resultMap>
</mapper>