<?xml version="1.0" encoding="UTF-8"?>
<beans xmlns="http://www.springframework.org/schema/beans"
       xmlns:xsi="http://www.w3.org/2001/XMLSchema-instance"
       xmlns:context="http://www.springframework.org/schema/context"
       xsi:schemaLocation="http://www.springframework.org/schema/beans http://www.springframework.org/schema/beans/spring-beans.xsd
       http://www.springframework.org/schema/context http://www.springframework.org/schema/context/spring-context.xsd
">

    <context:component-scan base-package="cn.zswltech"/>
    <context:component-scan base-package="cn.zswl"/>
    <context:component-scan base-package="cn.tongdun.tdframework"/>

    <bean id="bootstrap" class="cn.tongdun.tdframework.core.boot.Bootstrap" init-method="init">
        <property name="packages">
            <list>
                <value>cn.zswltech</value>
            </list>
        </property>
    </bean>

</beans>